,title,category
2022.12.19,Go 특정 문자열 바꾸기,Go (메모)
2022.12.19,Go 프로그래머스 숫자 문자열과 영단어,Go 프로그래머스 1레벨 문제
2022.12.19,Go 프로그래머스 콜라 문제,Go 프로그래머스 1레벨 문제
2022.12.18,Go 프로그래머스 이상한 문자 만들기,Go 프로그래머스 1레벨 문제
2022.12.18,Go 프로그래머스 최빈값 구하기,Go 프로그래머스 1레벨 문제
2022.12.16,Go 프로그래머스 K번째수,Go 프로그래머스 1레벨 문제
2022.12.15,Go 프로그래머스 문자열 내 마음대로 정렬하기,Go 프로그래머스 1레벨 문제
2022.12.15,Go 프로그래머스 옹알이(2),Go 프로그래머스 1레벨 문제
2022.12.15,Go 프로그래머스 푸드 파이트 대회,Go 프로그래머스 1레벨 문제
2022.12.14,Go 프로그래머스 과일 장수,Go 프로그래머스 1레벨 문제
2022.12.14,Go 프로그래머스 기사단원의 무기,Go 프로그래머스 1레벨 문제
2022.12.13,Go 프로그래머스 명예의 전당 (1),Go 프로그래머스 1레벨 문제
2022.12.12,Go 백준 15829,Go 백준
2022.12.12,Go 프로그래머스 시저암호,Go 프로그래머스 1레벨 문제
2022.12.11,Go gin mysql 테이블 합치기,Go (메모)
2022.12.11,Go 백준 2775,Go 백준
2022.12.11,Go 프로그래머스 최대공약수와 최소공배수,Go 프로그래머스 1레벨 문제
2022.12.10,Go 프로그래머스,Go 프로그래머스 1레벨 문제
2022.12.10,Go 프로그래머스 직사각형 별찍기,Go 프로그래머스 1레벨 문제
2022.12.10,Go 프로그래머스 행렬의 덧셈,Go 프로그래머스 1레벨 문제
